"id","matchDate","Country","League","Season","homeTeam","awayTeam","referee","FTHG","FTAG","FTR"
"120841","24-05-26 17:00","England","Premier League","2025/2026","Brighton","Manchester Utd","Samuel Barrott","0","3","A"
"120842","24-05-26 17:00","England","Premier League","2025/2026","Burnley","Wolves","Andrew Kitchen","1","1","D"
"120843","24-05-26 17:00","England","Premier League","2025/2026","Crystal Palace","Arsenal","Farai Hallam","1","2","A"
"120844","24-05-26 17:00","England","Premier League","2025/2026","Fulham","Newcastle","Robert Jones","2","0","H"
"120845","24-05-26 17:00","England","Premier League","2025/2026","Liverpool","Brentford","Darren England","1","1","D"
"120846","24-05-26 17:00","England","Premier League","2025/2026","Manchester City","Aston Villa","Andy Madley","1","2","A"
"120847","24-05-26 17:00","England","Premier League","2025/2026","Nottingham","Bournemouth","Craig Pawson","1","1","D"
"120848","24-05-26 17:00","England","Premier League","2025/2026","Sunderland","Chelsea","Chris Kavanagh","2","1","H"
"120849","24-05-26 17:00","England","Premier League","2025/2026","Tottenham","Everton","Michael Oliver","1","0","H"
"120850","24-05-26 17:00","England","Premier League","2025/2026","West Ham","Leeds","Anthony Taylor","3","0","H"
"120708","19-05-26 21:15","England","Premier League","2025/2026","Chelsea","Tottenham","Stuart Attwell","2","1","H"
"120707","19-05-26 20:30","England","Premier League","2025/2026","Bournemouth","Manchester City","Anthony Taylor","1","1","D"
"120693","18-05-26 21:00","England","Premier League","2025/2026","Arsenal","Burnley","Paul Tierney","1","0","H"
"120593","17-05-26 18:30","England","Premier League","2025/2026","Newcastle","West Ham","Jarred Gillett","3","1","H"
"120589","17-05-26 16:00","England","Premier League","2025/2026","Brentford","Crystal Palace","Samuel Barrott","2","2","D"
"120590","17-05-26 16:00","England","Premier League","2025/2026","Everton","Sunderland","John Brooks","1","3","A"
"120591","17-05-26 16:00","England","Premier League","2025/2026","Leeds","Brighton","Michael Oliver","1","0","H"
"120592","17-05-26 16:00","England","Premier League","2025/2026","Wolves","Fulham","Thomas Kirk","1","1","D"
"120588","17-05-26 13:30","England","Premier League","2025/2026","Manchester Utd","Nottingham","Michael Salisbury","3","2","H"
"120476","15-05-26 21:00","England","Premier League","2025/2026","Aston Villa","Liverpool","Chris Kavanagh","4","2","H"
"120425","13-05-26 21:00","England","Premier League","2025/2026","Manchester City","Crystal Palace","Stuart Attwell","3","0","H"
"119689","11-05-26 21:00","England","Premier League","2025/2026","Tottenham","Leeds","Jarred Gillett","1","1","D"
"119353","10-05-26 17:30","England","Premier League","2025/2026","West Ham","Arsenal","Chris Kavanagh","0","1","A"
"119350","10-05-26 15:00","England","Premier League","2025/2026","Burnley","Aston Villa","Anthony Taylor","2","2","D"
"119351","10-05-26 15:00","England","Premier League","2025/2026","Crystal Palace","Everton","Thomas Bramall","2","2","D"
"119352","10-05-26 15:00","England","Premier League","2025/2026","Nottingham","Newcastle","Paul Tierney","1","1","D"
"119254","09-05-26 18:30","England","Premier League","2025/2026","Manchester City","Brentford","Michael Salisbury","3","0","H"
"119251","09-05-26 16:00","England","Premier League","2025/2026","Brighton","Wolves","John Brooks","3","0","H"
"119252","09-05-26 16:00","England","Premier League","2025/2026","Fulham","Bournemouth","Andy Madley","0","1","A"
"119253","09-05-26 16:00","England","Premier League","2025/2026","Sunderland","Manchester Utd","Stuart Attwell","0","0","D"
"119250","09-05-26 13:30","England","Premier League","2025/2026","Liverpool","Chelsea","Craig Pawson","1","1","D"
"119163","04-05-26 21:00","England","Premier League","2025/2026","Everton","Manchester City","Michael Oliver","3","3","D"
"119162","04-05-26 16:00","England","Premier League","2025/2026","Chelsea","Nottingham","Anthony Taylor","1","3","A"
"119076","03-05-26 20:00","England","Premier League","2025/2026","Aston Villa","Tottenham","Samuel Barrott","1","2","A"
"119075","03-05-26 16:30","England","Premier League","2025/2026","Manchester Utd","Liverpool","Darren England","3","2","H"
"119074","03-05-26 15:00","England","Premier League","2025/2026","Bournemouth","Crystal Palace","Robert Jones","3","0","H"
"118934","02-05-26 18:30","England","Premier League","2025/2026","Arsenal","Fulham","Jarred Gillett","3","0","H"
"118931","02-05-26 16:00","England","Premier League","2025/2026","Brentford","West Ham","Craig Pawson","3","0","H"
"118932","02-05-26 16:00","England","Premier League","2025/2026","Newcastle","Brighton","Chris Kavanagh","3","1","H"
"118933","02-05-26 16:00","England","Premier League","2025/2026","Wolves","Sunderland","Paul Tierney","1","1","D"
"118883","01-05-26 21:00","England","Premier League","2025/2026","Leeds","Burnley","Thomas Bramall","3","1","H"
"118824","27-04-26 21:00","England","Premier League","2025/2026","Manchester Utd","Brentford","Chris Kavanagh","2","1","H"
"118606","25-04-26 18:30","England","Premier League","2025/2026","Arsenal","Newcastle","Samuel Barrott","1","0","H"
"118603","25-04-26 16:00","England","Premier League","2025/2026","Liverpool","Crystal Palace","Andy Madley","3","1","H"
"118604","25-04-26 16:00","England","Premier League","2025/2026","West Ham","Everton","Stuart Attwell","2","1","H"
"118605","25-04-26 16:00","England","Premier League","2025/2026","Wolves","Tottenham","Anthony Taylor","0","1","A"
"118602","25-04-26 13:30","England","Premier League","2025/2026","Fulham","Aston Villa","Michael Oliver","1","0","H"
"118552","24-04-26 21:00","England","Premier League","2025/2026","Sunderland","Nottingham","Darren England","0","5","A"
"118478","22-04-26 21:00","England","Premier League","2025/2026","Bournemouth","Leeds","Michael Salisbury","2","2","D"
"118479","22-04-26 21:00","England","Premier League","2025/2026","Burnley","Manchester City","Andy Madley","0","1","A"
"118437","21-04-26 21:00","England","Premier League","2025/2026","Brighton","Chelsea","Craig Pawson","3","0","H"
"118408","20-04-26 21:00","England","Premier League","2025/2026","Crystal Palace","West Ham","Darren England","0","0","D"
"118329","19-04-26 17:30","England","Premier League","2025/2026","Manchester City","Arsenal","Anthony Taylor","2","1","H"
"118326","19-04-26 15:00","England","Premier League","2025/2026","Aston Villa","Sunderland","Samuel Barrott","4","3","H"
"118327","19-04-26 15:00","England","Premier League","2025/2026","Everton","Liverpool","Chris Kavanagh","1","2","A"
"118328","19-04-26 15:00","England","Premier League","2025/2026","Nottingham","Burnley","Thomas Kirk","4","1","H"
"118202","18-04-26 21:00","England","Premier League","2025/2026","Chelsea","Manchester Utd","Michael Oliver","0","1","A"
"118201","18-04-26 18:30","England","Premier League","2025/2026","Tottenham","Brighton","Stuart Attwell","2","2","D"
"118199","18-04-26 16:00","England","Premier League","2025/2026","Leeds","Wolves","Farai Hallam","3","0","H"
"118200","18-04-26 16:00","England","Premier League","2025/2026","Newcastle","Bournemouth","Thomas Bramall","1","2","A"
"118198","18-04-26 13:30","England","Premier League","2025/2026","Brentford","Fulham","Paul Tierney","0","0","D"
"118082","13-04-26 21:00","England","Premier League","2025/2026","Manchester Utd","Leeds","Paul Tierney","1","2","A"
"118008","12-04-26 17:30","England","Premier League","2025/2026","Chelsea","Manchester City","Chris Kavanagh","0","3","A"
"118005","12-04-26 15:00","England","Premier League","2025/2026","Crystal Palace","Newcastle","Andy Madley","2","1","H"
"118006","12-04-26 15:00","England","Premier League","2025/2026","Nottingham","Aston Villa","Michael Salisbury","1","1","D"
"118007","12-04-26 15:00","England","Premier League","2025/2026","Sunderland","Tottenham","Robert Jones","1","0","H"
"117862","11-04-26 18:30","England","Premier League","2025/2026","Liverpool","Fulham","Anthony Taylor","2","0","H"
"117860","11-04-26 16:00","England","Premier League","2025/2026","Brentford","Everton","Farai Hallam","2","2","D"
"117861","11-04-26 16:00","England","Premier League","2025/2026","Burnley","Brighton","Thomas Bramall","0","2","A"
"117859","11-04-26 13:30","England","Premier League","2025/2026","Arsenal","Bournemouth","Michael Oliver","1","2","A"
"117810","10-04-26 21:00","England","Premier League","2025/2026","West Ham","Wolves","Jarred Gillett","4","0","H"
"114379","22-03-26 15:15","England","Premier League","2025/2026","Aston Villa","West Ham","Paul Tierney","2","0","H"
"114380","22-03-26 15:15","England","Premier League","2025/2026","Tottenham","Nottingham","Michael Oliver","0","3","A"
"114378","22-03-26 13:00","England","Premier League","2025/2026","Newcastle","Sunderland","Anthony Taylor","1","2","A"
"114246","21-03-26 21:00","England","Premier League","2025/2026","Leeds","Brentford","Jarred Gillett","0","0","D"
"114245","21-03-26 18:30","England","Premier League","2025/2026","Everton","Chelsea","Samuel Barrott","3","0","H"
"114244","21-03-26 16:00","England","Premier League","2025/2026","Fulham","Burnley","Chris Kavanagh","3","1","H"
"114243","21-03-26 13:30","England","Premier League","2025/2026","Brighton","Liverpool","Darren England","2","1","H"
"114203","20-03-26 21:00","England","Premier League","2025/2026","Bournemouth","Manchester Utd","Stuart Attwell","2","2","D"
"110046","16-03-26 21:00","England","Premier League","2025/2026","Brentford","Wolves","Stuart Attwell","2","2","D"
"107981","15-03-26 17:30","England","Premier League","2025/2026","Liverpool","Tottenham","Chris Kavanagh","1","1","D"
"107978","15-03-26 15:00","England","Premier League","2025/2026","Crystal Palace","Leeds","Thomas Bramall","0","0","D"
"107979","15-03-26 15:00","England","Premier League","2025/2026","Manchester Utd","Aston Villa","Anthony Taylor","3","1","H"
"107980","15-03-26 15:00","England","Premier League","2025/2026","Nottingham","Fulham","Samuel Barrott","0","0","D"
"106539","14-03-26 21:00","England","Premier League","2025/2026","West Ham","Manchester City","Michael Oliver","1","1","D"
"106537","14-03-26 18:30","England","Premier League","2025/2026","Arsenal","Everton","Andy Madley","2","0","H"
"106538","14-03-26 18:30","England","Premier League","2025/2026","Chelsea","Newcastle","Paul Tierney","0","1","A"
"106535","14-03-26 16:00","England","Premier League","2025/2026","Burnley","Bournemouth","Peter Bankes","0","0","D"
"106536","14-03-26 16:00","England","Premier League","2025/2026","Sunderland","Brighton","Thomas Kirk","0","1","A"
"99470","05-03-26 21:00","England","Premier League","2025/2026","Tottenham","Crystal Palace","Andy Madley","1","3","A"
"99466","04-03-26 21:15","England","Premier League","2025/2026","Newcastle","Manchester Utd","Peter Bankes","2","1","H"
"99460","04-03-26 20:30","England","Premier League","2025/2026","Aston Villa","Chelsea","Jarred Gillett","1","4","A"
"99461","04-03-26 20:30","England","Premier League","2025/2026","Brighton","Arsenal","Chris Kavanagh","0","1","A"
"99462","04-03-26 20:30","England","Premier League","2025/2026","Fulham","West Ham","Matt Donohue","0","1","A"
"99463","04-03-26 20:30","England","Premier League","2025/2026","Manchester City","Nottingham","Darren England","2","2","D"
"99447","03-03-26 21:15","England","Premier League","2025/2026","Wolves","Liverpool","Thomas Bramall","2","1","H"
"99434","03-03-26 20:30","England","Premier League","2025/2026","Bournemouth","Brentford","Craig Pawson","0","0","D"
"99435","03-03-26 20:30","England","Premier League","2025/2026","Everton","Burnley","Tim Robinson","2","0","H"
"99436","03-03-26 20:30","England","Premier League","2025/2026","Leeds","Sunderland","Stuart Attwell","0","1","A"
"98751","01-03-26 17:30","England","Premier League","2025/2026","Arsenal","Chelsea","Darren England","2","1","H"
"98720","01-03-26 15:00","England","Premier League","2025/2026","Brighton","Nottingham","Andy Madley","2","1","H"
"98721","01-03-26 15:00","England","Premier League","2025/2026","Fulham","Tottenham","Thomas Bramall","2","1","H"
"98722","01-03-26 15:00","England","Premier League","2025/2026","Manchester Utd","Crystal Palace","Chris Kavanagh","2","1","H"
"97466","28-02-26 18:30","England","Premier League","2025/2026","Leeds","Manchester City","Peter Bankes","0","1","A"
"97421","28-02-26 16:00","England","Premier League","2025/2026","Burnley","Brentford","Samuel Barrott","3","4","A"
"97422","28-02-26 16:00","England","Premier League","2025/2026","Liverpool","West Ham","Tim Robinson","5","2","H"
"97423","28-02-26 16:00","England","Premier League","2025/2026","Newcastle","Everton","Stuart Attwell","2","3","A"
"97397","28-02-26 13:30","England","Premier League","2025/2026","Bournemouth","Sunderland","Jarred Gillett","1","1","D"
"97381","27-02-26 21:00","England","Premier League","2025/2026","Wolves","Aston Villa","Craig Pawson","2","0","H"
"97280","23-02-26 21:00","England","Premier League","2025/2026","Everton","Manchester Utd","Darren England","0","1","A"
"97243","22-02-26 17:30","England","Premier League","2025/2026","Tottenham","Arsenal","Peter Bankes","1","4","A"
"97224","22-02-26 15:00","England","Premier League","2025/2026","Crystal Palace","Wolves","Thomas Kirk","1","0","H"
"97225","22-02-26 15:00","England","Premier League","2025/2026","Nottingham","Liverpool","Anthony Taylor","0","1","A"
"97226","22-02-26 15:00","England","Premier League","2025/2026","Sunderland","Fulham","Craig Pawson","1","3","A"
"97177","21-02-26 21:00","England","Premier League","2025/2026","Manchester City","Newcastle","Thomas Bramall","2","1","H"
"97156","21-02-26 18:30","England","Premier League","2025/2026","West Ham","Bournemouth","Samuel Barrott","0","0","D"
"97115","21-02-26 16:00","England","Premier League","2025/2026","Aston Villa","Leeds","Michael Oliver","1","1","D"
"97116","21-02-26 16:00","England","Premier League","2025/2026","Brentford","Brighton","Jarred Gillett","0","2","A"
"97117","21-02-26 16:00","England","Premier League","2025/2026","Chelsea","Burnley","Lewis Smith","1","1","D"
"97023","18-02-26 21:00","England","Premier League","2025/2026","Wolves","Arsenal","Paul Tierney","2","2","D"
"91751","12-02-26 21:00","England","Premier League","2025/2026","Brentford","Arsenal","John Brooks","1","1","D"
"91743","11-02-26 21:15","England","Premier League","2025/2026","Sunderland","Liverpool","Chris Kavanagh","0","1","A"
"91731","11-02-26 20:30","England","Premier League","2025/2026","Aston Villa","Brighton","Peter Bankes","1","0","H"
"91732","11-02-26 20:30","England","Premier League","2025/2026","Crystal Palace","Burnley","Farai Hallam","2","3","A"
"91733","11-02-26 20:30","England","Premier League","2025/2026","Manchester City","Fulham","Paul Tierney","3","0","H"
"91734","11-02-26 20:30","England","Premier League","2025/2026","Nottingham","Wolves","Tim Robinson","0","0","D"
"91721","10-02-26 21:15","England","Premier League","2025/2026","West Ham","Manchester Utd","Simon Hooper","1","1","D"
"91710","10-02-26 20:30","England","Premier League","2025/2026","Chelsea","Leeds","Robert Jones","2","2","D"
"91711","10-02-26 20:30","England","Premier League","2025/2026","Everton","Bournemouth","Andy Madley","1","2","A"
"91712","10-02-26 20:30","England","Premier League","2025/2026","Tottenham","Newcastle","Anthony Taylor","1","2","A"
"90982","08-02-26 17:30","England","Premier League","2025/2026","Liverpool","Manchester City","Craig Pawson","1","2","A"
"90965","08-02-26 15:00","England","Premier League","2025/2026","Brighton","Crystal Palace","Thomas Bramall","0","1","A"
"90926","07-02-26 18:30","England","Premier League","2025/2026","Newcastle","Brentford","Andy Madley","2","3","A"
"90885","07-02-26 16:00","England","Premier League","2025/2026","Arsenal","Sunderland","Samuel Barrott","3","0","H"
"90886","07-02-26 16:00","England","Premier League","2025/2026","Bournemouth","Aston Villa","Anthony Taylor","1","1","D"
"90887","07-02-26 16:00","England","Premier League","2025/2026","Burnley","West Ham","Darren England","0","2","A"
"90888","07-02-26 16:00","England","Premier League","2025/2026","Fulham","Everton","Stuart Attwell","1","2","A"
"90889","07-02-26 16:00","England","Premier League","2025/2026","Wolves","Chelsea","Jarred Gillett","1","3","A"
"90861","07-02-26 13:30","England","Premier League","2025/2026","Manchester Utd","Tottenham","Michael Oliver","2","0","H"
"90848","06-02-26 21:00","England","Premier League","2025/2026","Leeds","Nottingham","Peter Bankes","3","1","H"
"90177","02-02-26 21:00","England","Premier League","2025/2026","Sunderland","Burnley","Paul Tierney","3","0","H"
"89602","01-02-26 17:30","England","Premier League","2025/2026","Tottenham","Manchester City","Robert Jones","2","2","D"
"89583","01-02-26 15:00","England","Premier League","2025/2026","Aston Villa","Brentford","Tim Robinson","0","1","A"
"89584","01-02-26 15:00","England","Premier League","2025/2026","Manchester Utd","Fulham","John Brooks","3","2","H"
"89585","01-02-26 15:00","England","Premier League","2025/2026","Nottingham","Crystal Palace","Tony Harrington","1","1","D"
"88946","31-01-26 21:00","England","Premier League","2025/2026","Liverpool","Newcastle","Simon Hooper","4","1","H"
"88934","31-01-26 18:30","England","Premier League","2025/2026","Chelsea","West Ham","Anthony Taylor","3","2","H"
"88889","31-01-26 16:00","England","Premier League","2025/2026","Brighton","Everton","Chris Kavanagh","1","1","D"
"88890","31-01-26 16:00","England","Premier League","2025/2026","Leeds","Arsenal","Stuart Attwell","0","4","A"
"88891","31-01-26 16:00","England","Premier League","2025/2026","Wolves","Bournemouth","Michael Oliver","0","2","A"
"86846","26-01-26 21:00","England","Premier League","2025/2026","Everton","Leeds","Simon Hooper","1","1","D"
"85212","25-01-26 17:30","England","Premier League","2025/2026","Arsenal","Manchester Utd","Craig Pawson","2","3","A"
"85191","25-01-26 15:00","England","Premier League","2025/2026","Brentford","Nottingham","Samuel Barrott","0","2","A"
"85192","25-01-26 15:00","England","Premier League","2025/2026","Crystal Palace","Chelsea","Darren England","1","3","A"
"85193","25-01-26 15:00","England","Premier League","2025/2026","Newcastle","Aston Villa","Jarred Gillett","0","2","A"
"84308","24-01-26 18:30","England","Premier League","2025/2026","Bournemouth","Liverpool","Michael Salisbury","3","2","H"
"84269","24-01-26 16:00","England","Premier League","2025/2026","Burnley","Tottenham","Peter Bankes","2","2","D"
"84270","24-01-26 16:00","England","Premier League","2025/2026","Fulham","Brighton","Michael Oliver","2","1","H"
"84271","24-01-26 16:00","England","Premier League","2025/2026","Manchester City","Wolves","Farai Hallam","2","0","H"
"84245","24-01-26 13:30","England","Premier League","2025/2026","West Ham","Sunderland","Thomas Bramall","3","1","H"
"81004","19-01-26 21:00","England","Premier League","2025/2026","Brighton","Bournemouth","Paul Tierney","1","1","D"
"79696","18-01-26 17:30","England","Premier League","2025/2026","Aston Villa","Everton","Tony Harrington","0","1","A"
"79682","18-01-26 15:00","England","Premier League","2025/2026","Wolves","Newcastle","Samuel Barrott","0","0","D"
"79650","17-01-26 18:30","England","Premier League","2025/2026","Nottingham","Arsenal","Michael Oliver","0","0","D"
"79610","17-01-26 16:00","England","Premier League","2025/2026","Chelsea","Brentford","John Brooks","2","0","H"
"79611","17-01-26 16:00","England","Premier League","2025/2026","Leeds","Fulham","Chris Kavanagh","1","0","H"
"79612","17-01-26 16:00","England","Premier League","2025/2026","Liverpool","Burnley","Andy Madley","1","1","D"
"79613","17-01-26 16:00","England","Premier League","2025/2026","Sunderland","Crystal Palace","Robert Jones","2","1","H"
"79614","17-01-26 16:00","England","Premier League","2025/2026","Tottenham","West Ham","Jarred Gillett","1","2","A"
"79586","17-01-26 13:30","England","Premier League","2025/2026","Manchester Utd","Manchester City","Anthony Taylor","2","0","H"
"75832","08-01-26 21:00","England","Premier League","2025/2026","Arsenal","Liverpool","Anthony Taylor","0","0","D"
"75815","07-01-26 21:15","England","Premier League","2025/2026","Burnley","Manchester Utd","Stuart Attwell","2","2","D"
"75816","07-01-26 21:15","England","Premier League","2025/2026","Newcastle","Leeds","Michael Salisbury","4","3","H"
"75806","07-01-26 20:30","England","Premier League","2025/2026","Bournemouth","Tottenham","Darren England","3","2","H"
"75807","07-01-26 20:30","England","Premier League","2025/2026","Brentford","Sunderland","Matt Donohue","3","0","H"
"75808","07-01-26 20:30","England","Premier League","2025/2026","Crystal Palace","Aston Villa","Andy Madley","0","0","D"
"75809","07-01-26 20:30","England","Premier League","2025/2026","Everton","Wolves","Thomas Kirk","1","1","D"
"75810","07-01-26 20:30","England","Premier League","2025/2026","Fulham","Chelsea","Peter Bankes","2","1","H"
"75811","07-01-26 20:30","England","Premier League","2025/2026","Manchester City","Brighton","Thomas Bramall","1","1","D"
"75802","06-01-26 21:00","England","Premier League","2025/2026","West Ham","Nottingham","Tony Harrington","1","2","A"
"75775","04-01-26 18:30","England","Premier League","2025/2026","Manchester City","Chelsea","Michael Oliver","1","1","D"
"75767","04-01-26 16:15","England","Premier League","2025/2026","Fulham","Liverpool","Craig Pawson","2","2","D"
"75752","04-01-26 16:00","England","Premier League","2025/2026","Everton","Brentford","Anthony Taylor","2","4","A"
"75753","04-01-26 16:00","England","Premier League","2025/2026","Newcastle","Crystal Palace","John Brooks","2","0","H"
"75754","04-01-26 16:00","England","Premier League","2025/2026","Tottenham","Sunderland","Stuart Attwell","1","1","D"
"75747","04-01-26 13:30","England","Premier League","2025/2026","Leeds","Manchester Utd","Jarred Gillett","1","1","D"
"75721","03-01-26 18:30","England","Premier League","2025/2026","Bournemouth","Arsenal","Chris Kavanagh","2","3","A"
"75708","03-01-26 16:00","England","Premier League","2025/2026","Brighton","Burnley","Tim Robinson","2","0","H"
"75709","03-01-26 16:00","England","Premier League","2025/2026","Wolves","West Ham","Peter Bankes","3","0","H"
"75701","03-01-26 13:30","England","Premier League","2025/2026","Aston Villa","Nottingham","Simon Hooper","3","1","H"
"75689","01-01-26 21:00","England","Premier League","2025/2026","Brentford","Tottenham","Andy Madley","0","0","D"
"75690","01-01-26 21:00","England","Premier League","2025/2026","Sunderland","Manchester City","Jarred Gillett","0","0","D"
"75686","01-01-26 18:30","England","Premier League","2025/2026","Crystal Palace","Fulham","Tony Harrington","1","1","D"
"75687","01-01-26 18:30","England","Premier League","2025/2026","Liverpool","Leeds","Chris Kavanagh","0","0","D"
"75646","30-12-25 21:15","England","Premier League","2025/2026","Arsenal","Aston Villa","Darren England","4","1","H"
"75647","30-12-25 21:15","England","Premier League","2025/2026","Manchester Utd","Wolves","Thomas Bramall","1","1","D"
"75637","30-12-25 20:30","England","Premier League","2025/2026","Burnley","Newcastle","Robert Jones","1","3","A"
"75638","30-12-25 20:30","England","Premier League","2025/2026","Chelsea","Bournemouth","Samuel Barrott","2","2","D"
"75639","30-12-25 20:30","England","Premier League","2025/2026","Nottingham","Everton","Michael Oliver","0","2","A"
"75640","30-12-25 20:30","England","Premier League","2025/2026","West Ham","Brighton","Michael Salisbury","2","2","D"
"75573","28-12-25 17:30","England","Premier League","2025/2026","Crystal Palace","Tottenham","Jarred Gillett","0","1","A"
"75574","28-12-25 15:00","England","Premier League","2025/2026","Sunderland","Leeds","Tony Harrington","1","1","D"
"75543","27-12-25 18:30","England","Premier League","2025/2026","Chelsea","Aston Villa","Stuart Attwell","1","2","A"
"75544","27-12-25 16:00","England","Premier League","2025/2026","Arsenal","Brighton","John Brooks","2","1","H"
"75545","27-12-25 16:00","England","Premier League","2025/2026","Brentford","Bournemouth","Peter Bankes","4","1","H"
"75546","27-12-25 16:00","England","Premier League","2025/2026","Burnley","Everton","Craig Pawson","0","0","D"
"75547","27-12-25 16:00","England","Premier League","2025/2026","Liverpool","Wolves","Simon Hooper","2","1","H"
"75548","27-12-25 16:00","England","Premier League","2025/2026","West Ham","Fulham","Chris Kavanagh","0","1","A"
"75549","27-12-25 13:30","England","Premier League","2025/2026","Nottingham","Manchester City","Robert Jones","1","2","A"
"75540","26-12-25 21:00","England","Premier League","2025/2026","Manchester Utd","Newcastle","Anthony Taylor","1","0","H"
"75495","22-12-25 21:00","England","Premier League","2025/2026","Fulham","Nottingham","Anthony Taylor","1","0","H"
"75460","21-12-25 17:30","England","Premier League","2025/2026","Aston Villa","Manchester Utd","Michael Oliver","2","1","H"
"75411","20-12-25 21:00","England","Premier League","2025/2026","Everton","Arsenal","Samuel Barrott","0","1","A"
"75412","20-12-25 21:00","England","Premier League","2025/2026","Leeds","Crystal Palace","Thomas Bramall","4","1","H"
"75413","20-12-25 18:30","England","Premier League","2025/2026","Tottenham","Liverpool","John Brooks","1","2","A"
"75414","20-12-25 16:00","England","Premier League","2025/2026","Bournemouth","Burnley","Chris Kavanagh","1","1","D"
"75415","20-12-25 16:00","England","Premier League","2025/2026","Brighton","Sunderland","Darren England","0","0","D"
"75416","20-12-25 16:00","England","Premier League","2025/2026","Manchester City","West Ham","Paul Tierney","3","0","H"
"75417","20-12-25 16:00","England","Premier League","2025/2026","Wolves","Brentford","Matt Donohue","0","2","A"
"75418","20-12-25 13:30","England","Premier League","2025/2026","Newcastle","Chelsea","Andy Madley","2","2","D"
"75351","15-12-25 21:00","England","Premier League","2025/2026","Manchester Utd","Bournemouth","Simon Hooper","4","4","D"
"75308","14-12-25 17:30","England","Premier League","2025/2026","Brentford","Leeds","John Brooks","1","1","D"
"75309","14-12-25 15:00","England","Premier League","2025/2026","Crystal Palace","Manchester City","Darren England","0","3","A"
"75310","14-12-25 15:00","England","Premier League","2025/2026","Nottingham","Tottenham","Samuel Barrott","3","0","H"
"75311","14-12-25 15:00","England","Premier League","2025/2026","Sunderland","Newcastle","Peter Bankes","1","0","H"
"75312","14-12-25 15:00","England","Premier League","2025/2026","West Ham","Aston Villa","Anthony Taylor","2","3","A"
"75255","13-12-25 21:00","England","Premier League","2025/2026","Arsenal","Wolves","Robert Jones","2","1","H"
"75256","13-12-25 18:30","England","Premier League","2025/2026","Burnley","Fulham","Michael Oliver","2","3","A"
"75257","13-12-25 16:00","England","Premier League","2025/2026","Chelsea","Everton","Thomas Bramall","2","0","H"
"75258","13-12-25 16:00","England","Premier League","2025/2026","Liverpool","Brighton","Craig Pawson","2","0","H"
"75131","08-12-25 21:00","England","Premier League","2025/2026","Wolves","Manchester Utd","Michael Salisbury","1","4","A"
"75089","07-12-25 17:30","England","Premier League","2025/2026","Fulham","Crystal Palace","Samuel Barrott","1","2","A"
"75090","07-12-25 15:00","England","Premier League","2025/2026","Brighton","West Ham","Simon Hooper","1","1","D"
"75027","06-12-25 18:30","England","Premier League","2025/2026","Leeds","Liverpool","Anthony Taylor","3","3","D"
"75028","06-12-25 16:00","England","Premier League","2025/2026","Bournemouth","Chelsea","Michael Oliver","0","0","D"
"75029","06-12-25 16:00","England","Premier League","2025/2026","Everton","Nottingham","Chris Kavanagh","3","0","H"
"75030","06-12-25 16:00","England","Premier League","2025/2026","Manchester City","Sunderland","Andy Madley","3","0","H"
"75031","06-12-25 16:00","England","Premier League","2025/2026","Newcastle","Burnley","Stuart Attwell","2","1","H"
"75032","06-12-25 16:00","England","Premier League","2025/2026","Tottenham","Brentford","Robert Jones","2","0","H"
"75033","06-12-25 13:30","England","Premier League","2025/2026","Aston Villa","Arsenal","Peter Bankes","2","1","H"
"74989","04-12-25 21:00","England","Premier League","2025/2026","Manchester Utd","West Ham","Andrew Kitchen","1","1","D"
"74972","03-12-25 21:15","England","Premier League","2025/2026","Leeds","Chelsea","Darren England","3","1","H"
"74973","03-12-25 21:15","England","Premier League","2025/2026","Liverpool","Sunderland","Stuart Attwell","1","1","D"
"74974","03-12-25 20:30","England","Premier League","2025/2026","Arsenal","Brentford","Tony Harrington","2","0","H"
"74975","03-12-25 20:30","England","Premier League","2025/2026","Brighton","Aston Villa","Andy Madley","3","4","A"
"74976","03-12-25 20:30","England","Premier League","2025/2026","Burnley","Crystal Palace","Thomas Kirk","0","1","A"
"74977","03-12-25 20:30","England","Premier League","2025/2026","Wolves","Nottingham","Tim Robinson","0","1","A"
"74954","02-12-25 21:15","England","Premier League","2025/2026","Newcastle","Tottenham","Thomas Bramall","2","2","D"
"74955","02-12-25 20:30","England","Premier League","2025/2026","Bournemouth","Everton","Michael Salisbury","0","1","A"
"74956","02-12-25 20:30","England","Premier League","2025/2026","Fulham","Manchester City","Craig Pawson","4","5","A"
"74895","30-11-25 17:30","England","Premier League","2025/2026","Chelsea","Arsenal","Anthony Taylor","1","1","D"
"74896","30-11-25 15:05","England","Premier League","2025/2026","Aston Villa","Wolves","Chris Kavanagh","1","0","H"
"74897","30-11-25 15:05","England","Premier League","2025/2026","Nottingham","Brighton","Michael Oliver","0","2","A"
"74898","30-11-25 15:05","England","Premier League","2025/2026","West Ham","Liverpool","Darren England","0","2","A"
"74899","30-11-25 13:00","England","Premier League","2025/2026","Crystal Palace","Manchester Utd","Robert Jones","1","2","A"
"74836","29-11-25 21:00","England","Premier League","2025/2026","Tottenham","Fulham","Stuart Attwell","1","2","A"
"74837","29-11-25 18:30","England","Premier League","2025/2026","Everton","Newcastle","Craig Pawson","1","4","A"
"74838","29-11-25 16:00","England","Premier League","2025/2026","Brentford","Burnley","Samuel Barrott","3","1","H"
"74839","29-11-25 16:00","England","Premier League","2025/2026","Manchester City","Leeds","Peter Bankes","3","2","H"
"74840","29-11-25 16:00","England","Premier League","2025/2026","Sunderland","Bournemouth","Tim Robinson","3","2","H"
"74730","24-11-25 21:00","England","Premier League","2025/2026","Manchester Utd","Everton","Tony Harrington","0","1","A"
"74684","23-11-25 17:30","England","Premier League","2025/2026","Arsenal","Tottenham","Michael Oliver","4","1","H"
"74685","23-11-25 15:00","England","Premier League","2025/2026","Leeds","Aston Villa","Robert Jones","1","2","A"
"74620","22-11-25 18:30","England","Premier League","2025/2026","Newcastle","Manchester City","Samuel Barrott","2","1","H"
"74621","22-11-25 16:00","England","Premier League","2025/2026","Bournemouth","West Ham","Thomas Bramall","2","2","D"
"74622","22-11-25 16:00","England","Premier League","2025/2026","Brighton","Brentford","Chris Kavanagh","2","1","H"
"74623","22-11-25 16:00","England","Premier League","2025/2026","Fulham","Sunderland","Darren England","1","0","H"
"74624","22-11-25 16:00","England","Premier League","2025/2026","Liverpool","Nottingham","Andy Madley","0","3","A"
"74625","22-11-25 16:00","England","Premier League","2025/2026","Wolves","Crystal Palace","Anthony Taylor","0","2","A"
"74626","22-11-25 13:30","England","Premier League","2025/2026","Burnley","Chelsea","Peter Bankes","0","2","A"
"74465","09-11-25 17:30","England","Premier League","2025/2026","Manchester City","Liverpool","Chris Kavanagh","3","0","H"
"74466","09-11-25 15:00","England","Premier League","2025/2026","Aston Villa","Bournemouth","John Brooks","4","0","H"
"74467","09-11-25 15:00","England","Premier League","2025/2026","Brentford","Newcastle","Stuart Attwell","3","1","H"
"74468","09-11-25 15:00","England","Premier League","2025/2026","Crystal Palace","Brighton","Tim Robinson","0","0","D"
"74469","09-11-25 15:00","England","Premier League","2025/2026","Nottingham","Leeds","Jarred Gillett","3","1","H"
"74398","08-11-25 21:00","England","Premier League","2025/2026","Chelsea","Wolves","Andrew Kitchen","3","0","H"
"74399","08-11-25 18:30","England","Premier League","2025/2026","Sunderland","Arsenal","Craig Pawson","2","2","D"
"74400","08-11-25 16:00","England","Premier League","2025/2026","Everton","Fulham","Andy Madley","2","0","H"
"74401","08-11-25 16:00","England","Premier League","2025/2026","West Ham","Burnley","Michael Salisbury","3","2","H"
"74402","08-11-25 13:30","England","Premier League","2025/2026","Tottenham","Manchester Utd","Samuel Barrott","2","2","D"
"74284","03-11-25 21:00","England","Premier League","2025/2026","Sunderland","Everton","Thomas Bramall","1","1","D"
"74235","02-11-25 17:30","England","Premier League","2025/2026","Manchester City","Bournemouth","Anthony Taylor","3","1","H"
"74236","02-11-25 15:00","England","Premier League","2025/2026","West Ham","Newcastle","Robert Jones","3","1","H"
"74170","01-11-25 21:00","England","Premier League","2025/2026","Liverpool","Aston Villa","Stuart Attwell","2","0","H"
"74171","01-11-25 18:30","England","Premier League","2025/2026","Tottenham","Chelsea","Jarred Gillett","0","1","A"
"74172","01-11-25 16:00","England","Premier League","2025/2026","Brighton","Leeds","Michael Oliver","3","0","H"
"74173","01-11-25 16:00","England","Premier League","2025/2026","Burnley","Arsenal","Chris Kavanagh","0","2","A"
"74174","01-11-25 16:00","England","Premier League","2025/2026","Crystal Palace","Brentford","Peter Bankes","2","0","H"
"74175","01-11-25 16:00","England","Premier League","2025/2026","Fulham","Wolves","John Brooks","3","0","H"
"74176","01-11-25 16:00","England","Premier League","2025/2026","Nottingham","Manchester Utd","Darren England","2","2","D"
"69138","26-10-25 17:30","England","Premier League","2025/2026","Everton","Tottenham","Craig Pawson","0","3","A"
"69139","26-10-25 15:00","England","Premier League","2025/2026","Arsenal","Crystal Palace","Thomas Bramall","1","0","H"
"69140","26-10-25 15:00","England","Premier League","2025/2026","Aston Villa","Manchester City","Michael Oliver","1","0","H"
"69141","26-10-25 15:00","England","Premier League","2025/2026","Bournemouth","Nottingham","Samuel Barrott","2","0","H"
"69142","26-10-25 15:00","England","Premier League","2025/2026","Wolves","Burnley","Tony Harrington","2","3","A"
"67642","25-10-25 21:00","England","Premier League","2025/2026","Brentford","Liverpool","Simon Hooper","3","2","H"
"67643","25-10-25 18:30","England","Premier League","2025/2026","Manchester Utd","Brighton","Anthony Taylor","4","2","H"
"67644","25-10-25 16:00","England","Premier League","2025/2026","Chelsea","Sunderland","Andy Madley","1","2","A"
"67645","25-10-25 16:00","England","Premier League","2025/2026","Newcastle","Fulham","Peter Bankes","2","1","H"
"67348","24-10-25 21:00","England","Premier League","2025/2026","Leeds","West Ham","Stuart Attwell","2","1","H"
"67300","20-10-25 21:00","England","Premier League","2025/2026","West Ham","Brentford","Andy Madley","0","2","A"
"67210","19-10-25 17:30","England","Premier League","2025/2026","Liverpool","Manchester Utd","Michael Oliver","1","2","A"
"67211","19-10-25 15:00","England","Premier League","2025/2026","Tottenham","Aston Villa","Simon Hooper","1","2","A"
"67157","18-10-25 18:30","England","Premier League","2025/2026","Fulham","Arsenal","Anthony Taylor","0","1","A"
"67158","18-10-25 16:00","England","Premier League","2025/2026","Brighton","Newcastle","Craig Pawson","2","1","H"
"67159","18-10-25 16:00","England","Premier League","2025/2026","Burnley","Leeds","Tim Robinson","2","0","H"
"67160","18-10-25 16:00","England","Premier League","2025/2026","Crystal Palace","Bournemouth","Jarred Gillett","3","3","D"
"67161","18-10-25 16:00","England","Premier League","2025/2026","Manchester City","Everton","Tony Harrington","2","0","H"
"67162","18-10-25 16:00","England","Premier League","2025/2026","Sunderland","Wolves","Robert Jones","2","0","H"
"67163","18-10-25 13:30","England","Premier League","2025/2026","Nottingham","Chelsea","Chris Kavanagh","0","3","A"
"65592","05-10-25 17:30","England","Premier League","2025/2026","Brentford","Manchester City","Darren England","0","1","A"
"65593","05-10-25 15:00","England","Premier League","2025/2026","Aston Villa","Burnley","Andrew Kitchen","2","1","H"
"65594","05-10-25 15:00","England","Premier League","2025/2026","Everton","Crystal Palace","Michael Salisbury","2","1","H"
"65595","05-10-25 15:00","England","Premier League","2025/2026","Newcastle","Nottingham","Peter Bankes","2","0","H"
"65596","05-10-25 15:00","England","Premier League","2025/2026","Wolves","Brighton","Jarred Gillett","1","1","D"
"65535","04-10-25 18:30","England","Premier League","2025/2026","Chelsea","Liverpool","Anthony Taylor","2","1","H"
"65536","04-10-25 16:00","England","Premier League","2025/2026","Arsenal","West Ham","John Brooks","2","0","H"
"65537","04-10-25 16:00","England","Premier League","2025/2026","Manchester Utd","Sunderland","Stuart Attwell","2","0","H"
"65538","04-10-25 13:30","England","Premier League","2025/2026","Leeds","Tottenham","Thomas Bramall","1","2","A"
"65482","03-10-25 21:00","England","Premier League","2025/2026","Bournemouth","Fulham","Simon Hooper","3","1","H"
"65435","29-09-25 21:00","England","Premier League","2025/2026","Everton","West Ham","Samuel Barrott","1","1","D"
"65380","28-09-25 17:30","England","Premier League","2025/2026","Newcastle","Arsenal","Jarred Gillett","1","2","A"
"65381","28-09-25 15:00","England","Premier League","2025/2026","Aston Villa","Fulham","Andy Madley","3","1","H"
"65324","27-09-25 21:00","England","Premier League","2025/2026","Tottenham","Wolves","Michael Salisbury","1","1","D"
"65325","27-09-25 18:30","England","Premier League","2025/2026","Nottingham","Sunderland","Tony Harrington","0","1","A"
"65326","27-09-25 16:00","England","Premier League","2025/2026","Chelsea","Brighton","Simon Hooper","1","3","A"
"65327","27-09-25 16:00","England","Premier League","2025/2026","Crystal Palace","Liverpool","Chris Kavanagh","2","1","H"
"65328","27-09-25 16:00","England","Premier League","2025/2026","Leeds","Bournemouth","Michael Oliver","2","2","D"
"65329","27-09-25 16:00","England","Premier League","2025/2026","Manchester City","Burnley","Robert Jones","5","1","H"
"65330","27-09-25 13:30","England","Premier League","2025/2026","Brentford","Manchester Utd","Craig Pawson","3","1","H"
"65184","21-09-25 17:30","England","Premier League","2025/2026","Arsenal","Manchester City","Stuart Attwell","1","1","D"
"65185","21-09-25 15:00","England","Premier League","2025/2026","Bournemouth","Newcastle","Robert Jones","0","0","D"
"65186","21-09-25 15:00","England","Premier League","2025/2026","Sunderland","Aston Villa","Samuel Barrott","1","1","D"
"65125","20-09-25 21:00","England","Premier League","2025/2026","Fulham","Brentford","Michael Oliver","3","1","H"
"65126","20-09-25 18:30","England","Premier League","2025/2026","Manchester Utd","Chelsea","Peter Bankes","2","1","H"
"65127","20-09-25 16:00","England","Premier League","2025/2026","Brighton","Tottenham","Chris Kavanagh","2","2","D"
"65128","20-09-25 16:00","England","Premier League","2025/2026","Burnley","Nottingham","Thomas Bramall","1","1","D"
"65129","20-09-25 16:00","England","Premier League","2025/2026","West Ham","Crystal Palace","Tony Harrington","1","2","A"
"65130","20-09-25 16:00","England","Premier League","2025/2026","Wolves","Leeds","Anthony Taylor","1","3","A"
"65131","20-09-25 13:30","England","Premier League","2025/2026","Liverpool","Everton","Darren England","2","1","H"
"64998","14-09-25 17:30","England","Premier League","2025/2026","Manchester City","Manchester Utd","Anthony Taylor","3","0","H"
"64999","14-09-25 15:00","England","Premier League","2025/2026","Burnley","Liverpool","Michael Oliver","0","1","A"
"64938","13-09-25 21:00","England","Premier League","2025/2026","Brentford","Chelsea","Stuart Attwell","2","2","D"
"64939","13-09-25 18:30","England","Premier League","2025/2026","West Ham","Tottenham","Jarred Gillett","0","3","A"
"64940","13-09-25 16:00","England","Premier League","2025/2026","Bournemouth","Brighton","Peter Bankes","2","1","H"
"64941","13-09-25 16:00","England","Premier League","2025/2026","Crystal Palace","Sunderland","Thomas Bramall","0","0","D"
"64942","13-09-25 16:00","England","Premier League","2025/2026","Everton","Aston Villa","Simon Hooper","0","0","D"
"64943","13-09-25 16:00","England","Premier League","2025/2026","Fulham","Leeds","Craig Pawson","1","0","H"
"64944","13-09-25 16:00","England","Premier League","2025/2026","Newcastle","Wolves","Chris Kavanagh","1","0","H"
"64945","13-09-25 13:30","England","Premier League","2025/2026","Arsenal","Nottingham","Darren England","3","0","H"
"64761","31-08-25 20:00","England","Premier League","2025/2026","Aston Villa","Crystal Palace","Stuart Attwell","0","3","A"
"64762","31-08-25 17:30","England","Premier League","2025/2026","Liverpool","Arsenal","Chris Kavanagh","1","0","H"
"64763","31-08-25 15:00","England","Premier League","2025/2026","Brighton","Manchester City","Darren England","2","1","H"
"64764","31-08-25 15:00","England","Premier League","2025/2026","Nottingham","West Ham","Craig Pawson","0","3","A"
"64706","30-08-25 18:30","England","Premier League","2025/2026","Leeds","Newcastle","Peter Bankes","0","0","D"
"64707","30-08-25 16:00","England","Premier League","2025/2026","Manchester Utd","Burnley","Samuel Barrott","3","2","H"
"64708","30-08-25 16:00","England","Premier League","2025/2026","Sunderland","Brentford","Anthony Taylor","2","1","H"
"64709","30-08-25 16:00","England","Premier League","2025/2026","Tottenham","Bournemouth","Simon Hooper","0","1","A"
"64710","30-08-25 16:00","England","Premier League","2025/2026","Wolves","Everton","Michael Oliver","2","3","A"
"64711","30-08-25 13:30","England","Premier League","2025/2026","Chelsea","Fulham","Robert Jones","2","0","H"
"64632","25-08-25 21:00","England","Premier League","2025/2026","Newcastle","Liverpool","Simon Hooper","2","3","A"
"64581","24-08-25 17:30","England","Premier League","2025/2026","Fulham","Manchester Utd","Chris Kavanagh","1","1","D"
"64582","24-08-25 15:00","England","Premier League","2025/2026","Crystal Palace","Nottingham","Anthony Taylor","1","1","D"
"64583","24-08-25 15:00","England","Premier League","2025/2026","Everton","Brighton","Stuart Attwell","2","0","H"
"64532","23-08-25 18:30","England","Premier League","2025/2026","Arsenal","Leeds","Jarred Gillett","5","0","H"
"64533","23-08-25 16:00","England","Premier League","2025/2026","Bournemouth","Wolves","Thomas Bramall","1","0","H"
"64534","23-08-25 16:00","England","Premier League","2025/2026","Brentford","Aston Villa","Tony Harrington","1","0","H"
"64535","23-08-25 16:00","England","Premier League","2025/2026","Burnley","Sunderland","Michael Salisbury","2","0","H"
"64536","23-08-25 13:30","England","Premier League","2025/2026","Manchester City","Tottenham","Peter Bankes","0","2","A"
"64479","22-08-25 21:00","England","Premier League","2025/2026","West Ham","Chelsea","Michael Oliver","1","5","A"
"64444","18-08-25 21:00","England","Premier League","2025/2026","Leeds","Everton","Chris Kavanagh","1","0","H"
"64402","17-08-25 17:30","England","Premier League","2025/2026","Manchester Utd","Arsenal","Simon Hooper","0","1","A"
"64403","17-08-25 15:00","England","Premier League","2025/2026","Chelsea","Crystal Palace","Darren England","0","0","D"
"64404","17-08-25 15:00","England","Premier League","2025/2026","Nottingham","Brentford","Peter Bankes","3","1","H"
"64370","16-08-25 18:30","England","Premier League","2025/2026","Wolves","Manchester City","Jarred Gillett","0","4","A"
"64371","16-08-25 16:00","England","Premier League","2025/2026","Brighton","Fulham","Samuel Barrott","1","1","D"
"64372","16-08-25 16:00","England","Premier League","2025/2026","Sunderland","West Ham","Robert Jones","3","0","H"
"64373","16-08-25 16:00","England","Premier League","2025/2026","Tottenham","Burnley","Michael Oliver","3","0","H"
"64374","16-08-25 13:30","England","Premier League","2025/2026","Aston Villa","Newcastle","Craig Pawson","0","0","D"
"74457","15-08-25 21:00","England","Premier League","2025/2026","Liverpool","Bournemouth","Anthony Taylor","4","2","H"